Filename,Lines,Samples,Bands,First_Band,Last_Band,Confidence
v1871506769_1.lbl,24,24,352,0.35,5.102,0.0654930209913
v1871433707_1.lbl,6,16,352,0.35,5.102,0.0654930209913
v1871435582_1.lbl,6,16,352,0.35,5.102,0.0654930209913
v1871434955_1.lbl,6,16,352,0.35,5.102,0.0654930209913
v1871434582_1.lbl,6,16,352,0.35,5.102,0.0654930209913
v1871434910_1.lbl,6,16,352,0.35,5.102,0.0654930209913
v1871434848_1.lbl,6,16,352,0.35,5.102,0.0654930209913
v1871435726_1.lbl,6,16,352,0.35,5.102,0.0654930209913
v1871434726_1.lbl,6,16,352,0.35,5.102,0.0654930209913
v1871435462_1.lbl,6,16,352,0.35,5.102,0.0654930209913
v1871433662_1.lbl,6,16,352,0.35,5.102,0.0654930209913
v1871433627_1.lbl,6,16,352,0.35,5.102,0.0654930209913
v1871434888_1.lbl,6,16,352,0.35,5.102,0.0654930209913
v1871434968_1.lbl,6,16,352,0.35,5.102,0.0654930209913
v1871434507_1.lbl,6,16,352,0.35,5.102,0.0654930209913
v1871434995_1.lbl,6,16,352,0.35,5.102,0.0654930209913
v1871434542_1.lbl,6,16,352,0.35,5.102,0.0654930209913
v1871433811_1.lbl,6,16,352,0.35,5.102,0.0654930209913
v1871435507_1.lbl,6,16,352,0.35,5.102,0.0654930209913
v1871435542_1.lbl,6,16,352,0.35,5.102,0.0654930209913
v1871434057_1.lbl,6,16,352,0.35,5.102,0.0654930209913
v1871433990_1.lbl,6,16,352,0.35,5.102,0.0654930209913
v1871434851_1.lbl,6,16,352,0.35,5.102,0.0654930209913
v1871435057_1.lbl,6,16,352,0.35,5.102,0.0654930209913
v1871435012_1.lbl,6,16,352,0.35,5.102,0.0654930209913
v1871433928_1.lbl,6,16,352,0.35,5.102,0.0654930209913
v1871434356_1.lbl,6,16,352,0.35,5.102,0.0654930209913
v1871434313_1.lbl,6,16,352,0.35,5.102,0.0654930209913
v1871509010_1.lbl,32,24,352,0.35,5.102,0.0654930209913
v1871435313_1.lbl,6,16,352,0.35,5.102,0.0654930209913
v1871434622_1.lbl,6,16,352,0.35,5.102,0.0654930209913
v1871434667_1.lbl,6,16,352,0.35,5.102,0.0654930209913
v1871435622_1.lbl,6,16,352,0.35,5.102,0.0654930209913
v1871435132_1.lbl,6,16,352,0.35,5.102,0.0654930209913
v1871434132_1.lbl,6,16,352,0.35,5.102,0.0654930209913
v1871434177_1.lbl,6,16,352,0.35,5.102,0.0654930209913
v1871435276_1.lbl,6,16,352,0.35,5.102,0.0654930209913
v1871433766_1.lbl,6,16,352,0.35,5.102,0.0654930209913
v1871434276_1.lbl,6,16,352,0.35,5.102,0.0654930209913
v1871435097_1.lbl,6,16,352,0.35,5.102,0.0654930209913
v1871435403_1.lbl,6,16,352,0.35,5.102,0.0654930209913
v1871434097_1.lbl,6,16,352,0.35,5.102,0.0654930209913
v1871433587_1.lbl,6,16,352,0.35,5.102,0.0654930209913
v1871433950_1.lbl,6,16,352,0.35,5.102,0.0654930209913
v1871434403_1.lbl,6,16,352,0.35,5.102,0.0654930209913
v1871434396_1.lbl,6,16,352,0.35,5.102,0.0654930209913
v1871435231_1.lbl,6,16,352,0.35,5.102,0.0654930209913
v1871434231_1.lbl,6,16,352,0.35,5.102,0.0654930209913
v1871433764_1.lbl,6,16,352,0.35,5.102,0.0654930209913
v1871434274_1.lbl,6,16,352,0.35,5.102,0.0654930209913
v1871510827_1.lbl,26,22,352,0.35,5.102,0.0654930209913
v1871435559_1.lbl,6,16,352,0.35,5.102,0.0654930209913
v1871433799_1.lbl,6,16,352,0.35,5.102,0.0654930209913
v1871434289_1.lbl,6,16,352,0.35,5.102,0.0654930209913
v1871433684_1.lbl,6,16,352,0.35,5.102,0.0654930209913
v1871433679_1.lbl,6,16,352,0.35,5.102,0.0654930209913
v1871434095_1.lbl,6,16,352,0.35,5.102,0.0654930209913
v1871433585_1.lbl,6,16,352,0.35,5.102,0.0654930209913
v1871434893_1.lbl,6,16,352,0.35,5.102,0.0654930209913
v1871433644_1.lbl,6,16,352,0.35,5.102,0.0654930209913
v1871434311_1.lbl,6,16,352,0.35,5.102,0.0654930209913
v1871435311_1.lbl,6,16,352,0.35,5.102,0.0654930209913
v1871434816_1.lbl,6,16,352,0.35,5.102,0.0654930209913
v1871434055_1.lbl,6,16,352,0.35,5.102,0.0654930209913
v1871434853_1.lbl,6,16,352,0.35,5.102,0.0654930209913
v1871434010_1.lbl,6,16,352,0.35,5.102,0.0654930209913
v1871435055_1.lbl,6,16,352,0.35,5.102,0.0654930209913
v1871435010_1.lbl,6,16,352,0.35,5.102,0.0654930209913
v1871435599_1.lbl,6,16,352,0.35,5.102,0.0654930209913
v1871434599_1.lbl,6,16,352,0.35,5.102,0.0654930209913
v1871435249_1.lbl,6,16,352,0.35,5.102,0.0654930209913
v1871434249_1.lbl,6,16,352,0.35,5.102,0.0654930209913
v1871433759_1.lbl,6,16,352,0.35,5.102,0.0654930209913
v1871435564_1.lbl,6,16,352,0.35,5.102,0.0654930209913
v1871435719_1.lbl,6,16,352,0.35,5.102,0.0654930209913
v1871434719_1.lbl,6,16,352,0.35,5.102,0.0654930209913
v1871435418_1.lbl,6,16,352,0.35,5.102,0.0654930209913
v1871434418_1.lbl,6,16,352,0.35,5.102,0.0654930209913
v1871433625_1.lbl,6,16,352,0.35,5.102,0.0654930209913
v1871435370_1.lbl,6,16,352,0.35,5.102,0.0654930209913
v1871433856_1.lbl,6,16,352,0.35,5.102,0.0654930209913
v1871434505_1.lbl,6,16,352,0.35,5.102,0.0654930209913
v1871434997_1.lbl,6,16,352,0.35,5.102,0.0654930209913
v1871434540_1.lbl,6,16,352,0.35,5.102,0.0654930209913
v1871565397_1.lbl,54,28,352,0.35,5.102,0.0654930209913
v1871435505_1.lbl,6,16,352,0.35,5.102,0.0654930209913
v1871435191_1.lbl,6,16,352,0.35,5.102,0.0654930209913
v1871435540_1.lbl,6,16,352,0.35,5.102,0.0654930209913
v1871434604_1.lbl,6,16,352,0.35,5.102,0.0654930209913
v1871435604_1.lbl,6,16,352,0.35,5.102,0.0654930209913
v1871435641_1.lbl,6,16,352,0.35,5.102,0.0654930209913
v1871435129_1.lbl,6,16,352,0.35,5.102,0.0654930209913
v1871434129_1.lbl,6,16,352,0.35,5.102,0.0654930209913
v1871434639_1.lbl,6,16,352,0.35,5.102,0.0654930209913
v1871435639_1.lbl,6,16,352,0.35,5.102,0.0654930209913
v1871435114_1.lbl,6,16,352,0.35,5.102,0.0654930209913
v1871433896_1.lbl,6,16,352,0.35,5.102,0.0654930209913
v1871434580_1.lbl,6,16,352,0.35,5.102,0.0654930209913
v1871435763_3.lbl,6,16,352,0.35,5.102,0.0654930209913
v1871435681_1.lbl,6,16,352,0.35,5.102,0.0654930209913
v1871435460_1.lbl,6,16,352,0.35,5.102,0.0654930209913
v1871435425_1.lbl,6,16,352,0.35,5.102,0.0654930209913
v1871433933_1.lbl,6,16,352,0.35,5.102,0.0654930209913
v1871434460_1.lbl,6,16,352,0.35,5.102,0.0654930209913
v1871434425_1.lbl,6,16,352,0.35,5.102,0.0654930209913
v1871434308_1.lbl,6,16,352,0.35,5.102,0.0654930209913
v1871435308_1.lbl,6,16,352,0.35,5.102,0.0654930209913
v1871504545_1.lbl,24,48,352,0.35,5.102,0.0654930209913
v1871435761_1.lbl,6,16,352,0.35,5.102,0.0654930209913
v1871435724_1.lbl,6,16,352,0.35,5.102,0.0654930209913
v1871434761_1.lbl,6,16,352,0.35,5.102,0.0654930209913
v1871434724_1.lbl,6,16,352,0.35,5.102,0.0654930209913
v1871434294_1.lbl,6,16,352,0.35,5.102,0.0654930209913
v1871433784_1.lbl,6,16,352,0.35,5.102,0.0654930209913
v1871431367_1.lbl,34,64,352,0.35,5.102,0.0654930209913
v1871492503_1.lbl,56,52,352,0.35,5.102,0.0654930209913
v1871435544_1.lbl,6,16,352,0.35,5.102,0.0654930209913
v1871434269_1.lbl,6,16,352,0.35,5.102,0.0654930209913
v1871433779_1.lbl,6,16,352,0.35,5.102,0.0654930209913
v1871433664_1.lbl,6,16,352,0.35,5.102,0.0654930209913
v1871434331_1.lbl,6,16,352,0.35,5.102,0.0654930209913
v1871487043_1.lbl,40,22,352,0.35,5.102,0.0654930209913
v1871435331_1.lbl,6,16,352,0.35,5.102,0.0654930209913
v1871435758_1.lbl,6,16,352,0.35,5.102,0.0654930209913
v1871569055_1.lbl,64,64,352,0.35,5.102,0.0654930209913
v1871433699_1.lbl,6,16,352,0.35,5.102,0.0654930209913
v1871434836_1.lbl,6,16,352,0.35,5.102,0.0654930209913
v1871434075_1.lbl,6,16,352,0.35,5.102,0.0654930209913
v1871434873_1.lbl,6,16,352,0.35,5.102,0.0654930209913
v1871434030_1.lbl,6,16,352,0.35,5.102,0.0654930209913
v1871435030_1.lbl,6,16,352,0.35,5.102,0.0654930209913
v1871496144_1.lbl,56,54,352,0.35,5.102,0.0654930209913
v1871509423_1.lbl,24,48,352,0.35,5.102,0.0654930209913
v1871434798_1.lbl,6,16,352,0.35,5.102,0.0654930209913
v1871433659_1.lbl,6,16,352,0.35,5.102,0.0654930209913
v1871435579_1.lbl,6,16,352,0.35,5.102,0.0654930209913
v1871435211_1.lbl,6,16,352,0.35,5.102,0.0654930209913
v1871435254_1.lbl,6,16,352,0.35,5.102,0.0654930209913
v1871434211_1.lbl,6,16,352,0.35,5.102,0.0654930209913
v1871433744_1.lbl,6,16,352,0.35,5.102,0.0654930209913
v1871434254_1.lbl,6,16,352,0.35,5.102,0.0654930209913
v1871435584_1.lbl,6,16,352,0.35,5.102,0.0654930209913
v1871434110_1.lbl,6,16,352,0.35,5.102,0.0654930209913
v1871434953_1.lbl,6,16,352,0.35,5.102,0.0654930209913
v1871434328_1.lbl,6,16,352,0.35,5.102,0.0654930209913
v1871435328_1.lbl,6,16,352,0.35,5.102,0.0654930209913
v1871435440_1.lbl,6,16,352,0.35,5.102,0.0654930209913
v1871435405_1.lbl,6,16,352,0.35,5.102,0.0654930209913
v1871433913_1.lbl,6,16,352,0.35,5.102,0.0654930209913
v1871434440_1.lbl,6,16,352,0.35,5.102,0.0654930209913
v1871434405_1.lbl,6,16,352,0.35,5.102,0.0654930209913
v1871435741_1.lbl,6,16,352,0.35,5.102,0.0654930209913
v1871435390_1.lbl,6,16,352,0.35,5.102,0.0654930209913
v1871435704_1.lbl,6,16,352,0.35,5.102,0.0654930209913
v1871434741_1.lbl,6,16,352,0.35,5.102,0.0654930209913
v1871434704_1.lbl,6,16,352,0.35,5.102,0.0654930209913
v1871435134_1.lbl,6,16,352,0.35,5.102,0.0654930209913
v1871435171_1.lbl,6,16,352,0.35,5.102,0.0654930209913
v1871434134_1.lbl,6,16,352,0.35,5.102,0.0654930209913
v1871434977_1.lbl,6,16,352,0.35,5.102,0.0654930209913
v1871434619_1.lbl,6,16,352,0.35,5.102,0.0654930209913
v1871435619_1.lbl,6,16,352,0.35,5.102,0.0654930209913
v1871433876_1.lbl,6,16,352,0.35,5.102,0.0654930209913
v1871434525_1.lbl,6,16,352,0.35,5.102,0.0654930209913
v1871434560_1.lbl,6,16,352,0.35,5.102,0.0654930209913
v1871433833_1.lbl,6,16,352,0.35,5.102,0.0654930209913
v1871435525_1.lbl,6,16,352,0.35,5.102,0.0654930209913
v1871435109_1.lbl,6,16,352,0.35,5.102,0.0654930209913
v1871434624_1.lbl,6,16,352,0.35,5.102,0.0654930209913
v1871435624_1.lbl,6,16,352,0.35,5.102,0.0654930209913
v1871435661_1.lbl,6,16,352,0.35,5.102,0.0654930209913
v1871560695_1.lbl,42,32,352,0.35,5.102,0.0654930209913
v1871434480_1.lbl,6,16,352,0.35,5.102,0.0654930209913
v1871435480_1.lbl,6,16,352,0.35,5.102,0.0654930209913
v1871434739_1.lbl,6,16,352,0.35,5.102,0.0654930209913
v1871433640_1.lbl,6,16,352,0.35,5.102,0.0654930209913
v1871434781_1.lbl,6,16,352,0.35,5.102,0.0654930209913
v1871433605_1.lbl,6,16,352,0.35,5.102,0.0654930209913
v1871435438_1.lbl,6,16,352,0.35,5.102,0.0654930209913
v1871434438_1.lbl,6,16,352,0.35,5.102,0.0654930209913
v1871434948_1.lbl,6,16,352,0.35,5.102,0.0654930209913
v1871434527_1.lbl,6,16,352,0.35,5.102,0.0654930209913
v1871434562_1.lbl,6,16,352,0.35,5.102,0.0654930209913
v1871433831_1.lbl,6,16,352,0.35,5.102,0.0654930209913
v1871435527_1.lbl,6,16,352,0.35,5.102,0.0654930209913
v1871435562_1.lbl,6,16,352,0.35,5.102,0.0654930209913
v1871433642_1.lbl,6,16,352,0.35,5.102,0.0654930209913
v1871434783_1.lbl,6,16,352,0.35,5.102,0.0654930209913
v1871433607_1.lbl,6,16,352,0.35,5.102,0.0654930209913
v1871566925_1.lbl,42,28,352,0.35,5.102,0.0654930209913
v1871435482_1.lbl,6,16,352,0.35,5.102,0.0654930209913
v1871435743_1.lbl,6,16,352,0.35,5.102,0.0654930209913
v1871435706_1.lbl,6,16,352,0.35,5.102,0.0654930209913
v1871433682_1.lbl,6,16,352,0.35,5.102,0.0654930209913
v1871434706_1.lbl,6,16,352,0.35,5.102,0.0654930209913
v1871434868_1.lbl,6,16,352,0.35,5.102,0.0654930209913
v1871433911_1.lbl,6,16,352,0.35,5.102,0.0654930209913
v1871434895_1.lbl,6,16,352,0.35,5.102,0.0654930209913
v1871488625_1.lbl,52,52,352,0.35,5.102,0.0654930209913
v1871433727_1.lbl,6,16,352,0.35,5.102,0.0654930209913
v1871434975_1.lbl,6,16,352,0.35,5.102,0.0654930209913
v1871434930_1.lbl,6,16,352,0.35,5.102,0.0654930209913
v1871435423_1.lbl,6,16,352,0.35,5.102,0.0654930209913
v1871433935_1.lbl,6,16,352,0.35,5.102,0.0654930209913
v1871433970_1.lbl,6,16,352,0.35,5.102,0.0654930209913
v1871434423_1.lbl,6,16,352,0.35,5.102,0.0654930209913
v1871435112_1.lbl,6,16,352,0.35,5.102,0.0654930209913
v1871435157_1.lbl,6,16,352,0.35,5.102,0.0654930209913
v1871434112_1.lbl,6,16,352,0.35,5.102,0.0654930209913
v1871434157_1.lbl,6,16,352,0.35,5.102,0.0654930209913
v1871435256_1.lbl,6,16,352,0.35,5.102,0.0654930209913
v1871433746_1.lbl,6,16,352,0.35,5.102,0.0654930209913
v1871434256_1.lbl,6,16,352,0.35,5.102,0.0654930209913
v1871434197_1.lbl,6,16,352,0.35,5.102,0.0654930209913
v1871434602_1.lbl,6,16,352,0.35,5.102,0.0654930209913
v1871434296_1.lbl,6,16,352,0.35,5.102,0.0654930209913
v1871433786_1.lbl,6,16,352,0.35,5.102,0.0654930209913
v1871434647_1.lbl,6,16,352,0.35,5.102,0.0654930209913
v1871435602_1.lbl,6,16,352,0.35,5.102,0.0654930209913
v1871435296_1.lbl,6,16,352,0.35,5.102,0.0654930209913
v1871433567_1.lbl,6,16,352,0.35,5.102,0.0654930209913
v1871434077_1.lbl,6,16,352,0.35,5.102,0.0654930209913
v1871434871_1.lbl,6,16,352,0.35,5.102,0.0654930209913
v1871434032_1.lbl,6,16,352,0.35,5.102,0.0654930209913
v1871435077_1.lbl,6,16,352,0.35,5.102,0.0654930209913
v1871435032_1.lbl,6,16,352,0.35,5.102,0.0654930209913
v1871434376_1.lbl,6,16,352,0.35,5.102,0.0654930209913
v1871434333_1.lbl,6,16,352,0.35,5.102,0.0654930209913
v1871435333_1.lbl,6,16,352,0.35,5.102,0.0654930209913
v1871513210_1.lbl,16,24,352,0.35,5.102,0.0654930209913
v1871433908_1.lbl,6,16,352,0.35,5.102,0.0654930209913
v1871435149_1.lbl,6,16,352,0.35,5.102,0.0654930209913
v1871434149_1.lbl,6,16,352,0.35,5.102,0.0654930209913
v1871434664_1.lbl,6,16,352,0.35,5.102,0.0654930209913
v1871435664_1.lbl,6,16,352,0.35,5.102,0.0654930209913
v1871435699_1.lbl,6,16,352,0.35,5.102,0.0654930209913
v1871434699_1.lbl,6,16,352,0.35,5.102,0.0654930209913
v1871434565_1.lbl,6,16,352,0.35,5.102,0.0654930209913
v1871433836_1.lbl,6,16,352,0.35,5.102,0.0654930209913
v1871433873_1.lbl,6,16,352,0.35,5.102,0.0654930209913
v1871434520_1.lbl,6,16,352,0.35,5.102,0.0654930209913
v1871435520_1.lbl,6,16,352,0.35,5.102,0.0654930209913
v1871433600_1.lbl,6,16,352,0.35,5.102,0.0654930209913
v1871510668_1.lbl,16,24,352,0.35,5.102,0.0654930209913
v1871509850_1.lbl,24,24,352,0.35,5.102,0.0654930209913
v1871435355_1.lbl,6,16,352,0.35,5.102,0.0654930209913
v1871504270_1.lbl,16,24,352,0.35,5.102,0.0654930209913
v1871434478_1.lbl,6,16,352,0.35,5.102,0.0654930209913
v1871433993_1.lbl,6,16,352,0.35,5.102,0.0654930209913
v1871434485_1.lbl,6,16,352,0.35,5.102,0.0654930209913
v1871435485_1.lbl,6,16,352,0.35,5.102,0.0654930209913
v1871434779_1.lbl,6,16,352,0.35,5.102,0.0654930209913
v1871435069_1.lbl,6,16,352,0.35,5.102,0.0654930209913
v1871435701_1.lbl,6,16,352,0.35,5.102,0.0654930209913
v1871435395_1.lbl,6,16,352,0.35,5.102,0.0654930209913
v1871434701_1.lbl,6,16,352,0.35,5.102,0.0654930209913
v1871434744_1.lbl,6,16,352,0.35,5.102,0.0654930209913
v1871434368_1.lbl,6,16,352,0.35,5.102,0.0654930209913
v1871435368_1.lbl,6,16,352,0.35,5.102,0.0654930209913
v1871440608_3.lbl,30,64,352,0.35,5.102,0.0654930209913
v1871435400_1.lbl,6,16,352,0.35,5.102,0.0654930209913
v1871435094_1.lbl,6,16,352,0.35,5.102,0.0654930209913
v1871435445_1.lbl,6,16,352,0.35,5.102,0.0654930209913
v1871434400_1.lbl,6,16,352,0.35,5.102,0.0654930209913
v1871433953_1.lbl,6,16,352,0.35,5.102,0.0654930209913
v1871433916_1.lbl,6,16,352,0.35,5.102,0.0654930209913
v1871434445_1.lbl,6,16,352,0.35,5.102,0.0654930209913
v1871434189_1.lbl,6,16,352,0.35,5.102,0.0654930209913
v1871435189_1.lbl,6,16,352,0.35,5.102,0.0654930209913
v1871435174_1.lbl,6,16,352,0.35,5.102,0.0654930209913
v1871434174_1.lbl,6,16,352,0.35,5.102,0.0654930209913
v1871434972_1.lbl,6,16,352,0.35,5.102,0.0654930209913
v1871434659_1.lbl,6,16,352,0.35,5.102,0.0654930209913
v1871435288_1.lbl,6,16,352,0.35,5.102,0.0654930209913
v1871435659_1.lbl,6,16,352,0.35,5.102,0.0654930209913
v1871439075_3.lbl,32,64,352,0.35,5.102,0.0654930209913
v1871434008_1.lbl,6,16,352,0.35,5.102,0.0654930209913
v1871434913_1.lbl,6,16,352,0.35,5.102,0.0654930209913
v1871434115_1.lbl,6,16,352,0.35,5.102,0.0654930209913
v1871435251_1.lbl,6,16,352,0.35,5.102,0.0654930209913
v1871435214_1.lbl,6,16,352,0.35,5.102,0.0654930209913
v1871434251_1.lbl,6,16,352,0.35,5.102,0.0654930209913
v1871433741_1.lbl,6,16,352,0.35,5.102,0.0654930209913
v1871434214_1.lbl,6,16,352,0.35,5.102,0.0654930209913
v1871433704_1.lbl,6,16,352,0.35,5.102,0.0654930209913
v1871493994_1.lbl,56,54,352,0.35,5.102,0.0654930209913
v1871435229_1.lbl,6,16,352,0.35,5.102,0.0654930209913
v1871433739_1.lbl,6,16,352,0.35,5.102,0.0654930209913
v1871434229_1.lbl,6,16,352,0.35,5.102,0.0654930209913
v1871433781_1.lbl,6,16,352,0.35,5.102,0.0654930209913
v1871434291_1.lbl,6,16,352,0.35,5.102,0.0654930209913
v1871435291_1.lbl,6,16,352,0.35,5.102,0.0654930209913
v1871434035_1.lbl,6,16,352,0.35,5.102,0.0654930209913
v1871434876_1.lbl,6,16,352,0.35,5.102,0.0654930209913
v1871434070_1.lbl,6,16,352,0.35,5.102,0.0654930209913
v1871434833_1.lbl,6,16,352,0.35,5.102,0.0654930209913
v1871435035_1.lbl,6,16,352,0.35,5.102,0.0654930209913
v1871434371_1.lbl,6,16,352,0.35,5.102,0.0654930209913
v1871434642_1.lbl,6,16,352,0.35,5.102,0.0654930209913
v1871434607_1.lbl,6,16,352,0.35,5.102,0.0654930209913
v1871435293_1.lbl,6,16,352,0.35,5.102,0.0654930209913
v1871435607_1.lbl,6,16,352,0.35,5.102,0.0654930209913
v1871434192_1.lbl,6,16,352,0.35,5.102,0.0654930209913
v1871434336_1.lbl,6,16,352,0.35,5.102,0.0654930209913
v1871434373_1.lbl,6,16,352,0.35,5.102,0.0654930209913
v1871435336_1.lbl,6,16,352,0.35,5.102,0.0654930209913
v1871435373_1.lbl,6,16,352,0.35,5.102,0.0654930209913
v1871433948_1.lbl,6,16,352,0.35,5.102,0.0654930209913
v1871434037_1.lbl,6,16,352,0.35,5.102,0.0654930209913
v1871434072_1.lbl,6,16,352,0.35,5.102,0.0654930209913
v1871434831_1.lbl,6,16,352,0.35,5.102,0.0654930209913
v1871435037_1.lbl,6,16,352,0.35,5.102,0.0654930209913
v1871435072_1.lbl,6,16,352,0.35,5.102,0.0654930209913
v1871433988_1.lbl,6,16,352,0.35,5.102,0.0654930209913
v1871433975_1.lbl,6,16,352,0.35,5.102,0.0654930209913
v1871434463_1.lbl,6,16,352,0.35,5.102,0.0654930209913
v1871433930_1.lbl,6,16,352,0.35,5.102,0.0654930209913
v1871567366_1.lbl,40,28,352,0.35,5.102,0.0654930209913
v1871435216_1.lbl,6,16,352,0.35,5.102,0.0654930209913
v1871434682_1.lbl,6,16,352,0.35,5.102,0.0654930209913
v1871434216_1.lbl,6,16,352,0.35,5.102,0.0654930209913
v1871433868_1.lbl,6,16,352,0.35,5.102,0.0654930209913
v1871512370_1.lbl,16,24,352,0.35,5.102,0.0654930209913
v1871435152_1.lbl,6,16,352,0.35,5.102,0.0654930209913
v1871435117_1.lbl,6,16,352,0.35,5.102,0.0654930209913
v1871434152_1.lbl,6,16,352,0.35,5.102,0.0654930209913
v1871434117_1.lbl,6,16,352,0.35,5.102,0.0654930209913
v1871435447_1.lbl,6,16,352,0.35,5.102,0.0654930209913
v1871434890_1.lbl,6,16,352,0.35,5.102,0.0654930209913
v1871435746_1.lbl,6,16,352,0.35,5.102,0.0654930209913
v1871433687_1.lbl,6,16,352,0.35,5.102,0.0654930209913
v1871434746_1.lbl,6,16,352,0.35,5.102,0.0654930209913
v1871434828_1.lbl,6,16,352,0.35,5.102,0.0654930209913
v1871435176_1.lbl,6,16,352,0.35,5.102,0.0654930209913
v1871434935_1.lbl,6,16,352,0.35,5.102,0.0654930209913
v1871434970_1.lbl,6,16,352,0.35,5.102,0.0654930209913
v1871433809_1.lbl,6,16,352,0.35,5.102,0.0654930209913
v1871433722_1.lbl,6,16,352,0.35,5.102,0.0654930209913
v1871434567_1.lbl,6,16,352,0.35,5.102,0.0654930209913
v1871433871_1.lbl,6,16,352,0.35,5.102,0.0654930209913
v1871434522_1.lbl,6,16,352,0.35,5.102,0.0654930209913
v1871435567_1.lbl,6,16,352,0.35,5.102,0.0654930209913
v1871435522_1.lbl,6,16,352,0.35,5.102,0.0654930209913
v1871435666_1.lbl,6,16,352,0.35,5.102,0.0654930209913
v1871434908_1.lbl,6,16,352,0.35,5.102,0.0654930209913
v1871434013_1.lbl,6,16,352,0.35,5.102,0.0654930209913
v1871435487_1.lbl,6,16,352,0.35,5.102,0.0654930209913
v1871433602_1.lbl,6,16,352,0.35,5.102,0.0654930209913
v1871433647_1.lbl,6,16,352,0.35,5.102,0.0654930209913
v1871434786_1.lbl,6,16,352,0.35,5.102,0.0654930209913
v1871433848_1.lbl,6,16,352,0.35,5.102,0.0654930209913
v1871435273_1.lbl,6,16,352,0.35,5.102,0.0654930209913
v1871435236_1.lbl,6,16,352,0.35,5.102,0.0654930209913
v1871434236_1.lbl,6,16,352,0.35,5.102,0.0654930209913
v1871435137_1.lbl,6,16,352,0.35,5.102,0.0654930209913
v1871434172_1.lbl,6,16,352,0.35,5.102,0.0654930209913
v1871434137_1.lbl,6,16,352,0.35,5.102,0.0654930209913
v1871435393_1.lbl,6,16,352,0.35,5.102,0.0654930209913
v1871434393_1.lbl,6,16,352,0.35,5.102,0.0654930209913
v1871435092_1.lbl,6,16,352,0.35,5.102,0.0654930209913
v1871435443_1.lbl,6,16,352,0.35,5.102,0.0654930209913
v1871433955_1.lbl,6,16,352,0.35,5.102,0.0654930209913
v1871434443_1.lbl,6,16,352,0.35,5.102,0.0654930209913
v1871433582_1.lbl,6,16,352,0.35,5.102,0.0654930209913
v1871434092_1.lbl,6,16,352,0.35,5.102,0.0654930209913
v1871506610_1.lbl,16,24,352,0.35,5.102,0.0654930209913
v1871433968_1.lbl,6,16,352,0.35,5.102,0.0654930209913
v1871434316_1.lbl,6,16,352,0.35,5.102,0.0654930209913
v1871434353_1.lbl,6,16,352,0.35,5.102,0.0654930209913
v1871435316_1.lbl,6,16,352,0.35,5.102,0.0654930209913
v1871435353_1.lbl,6,16,352,0.35,5.102,0.0654930209913
v1871440807_1.lbl,30,64,352,0.35,5.102,0.0654930209913
v1871433995_1.lbl,6,16,352,0.35,5.102,0.0654930209913
v1871434483_1.lbl,6,16,352,0.35,5.102,0.0654930209913
v1871434052_1.lbl,6,16,352,0.35,5.102,0.0654930209913
v1871434811_1.lbl,6,16,352,0.35,5.102,0.0654930209913
v1871435017_1.lbl,6,16,352,0.35,5.102,0.0654930209913
v1871435052_1.lbl,6,16,352,0.35,5.102,0.0654930209913
v1871434662_1.lbl,6,16,352,0.35,5.102,0.0654930209913
v1871434627_1.lbl,6,16,352,0.35,5.102,0.0654930209913
v1871435627_1.lbl,6,16,352,0.35,5.102,0.0654930209913
v1871433888_1.lbl,6,16,352,0.35,5.102,0.0654930209913
v1871489390_1.lbl,40,22,352,0.35,5.102,0.0654930209913
v1871442108_3.lbl,30,64,352,0.35,5.102,0.0654930209913
v1871433622_1.lbl,6,16,352,0.35,5.102,0.0654930209913
v1871433667_1.lbl,6,16,352,0.35,5.102,0.0654930209913
v1871434547_1.lbl,6,16,352,0.35,5.102,0.0654930209913
v1871433814_1.lbl,6,16,352,0.35,5.102,0.0654930209913
v1871433851_1.lbl,6,16,352,0.35,5.102,0.0654930209913
v1871434502_1.lbl,6,16,352,0.35,5.102,0.0654930209913
v1871434990_1.lbl,6,16,352,0.35,5.102,0.0654930209913
v1871435196_1.lbl,6,16,352,0.35,5.102,0.0654930209913
v1871435547_1.lbl,6,16,352,0.35,5.102,0.0654930209913
v1871435502_1.lbl,6,16,352,0.35,5.102,0.0654930209913
v1871499172_1.lbl,62,54,352,0.35,5.102,0.0654930209913
v1871434928_1.lbl,6,16,352,0.35,5.102,0.0654930209913
v1871435646_1.lbl,6,16,352,0.35,5.102,0.0654930209913
v1871435587_1.lbl,6,16,352,0.35,5.102,0.0654930209913
v1871434587_1.lbl,6,16,352,0.35,5.102,0.0654930209913
v1871434915_1.lbl,6,16,352,0.35,5.102,0.0654930209913
v1871433891_1.lbl,6,16,352,0.35,5.102,0.0654930209913
v1871434950_1.lbl,6,16,352,0.35,5.102,0.0654930209913
v1871435686_1.lbl,6,16,352,0.35,5.102,0.0654930209913
v1871434686_1.lbl,6,16,352,0.35,5.102,0.0654930209913
v1871433702_1.lbl,6,16,352,0.35,5.102,0.0654930209913
v1871433829_1.lbl,6,16,352,0.35,5.102,0.0654930209913
v1871435467_1.lbl,6,16,352,0.35,5.102,0.0654930209913
v1871434808_1.lbl,6,16,352,0.35,5.102,0.0654930209913
v1871512645_1.lbl,24,44,352,0.35,5.102,0.0654930209913
v1871562035_1.lbl,64,64,352,0.35,5.102,0.0654930209913
v1871434766_1.lbl,6,16,352,0.35,5.102,0.0654930209913
v1871435684_1.lbl,6,16,352,0.35,5.102,0.0654930209913
v1871434684_1.lbl,6,16,352,0.35,5.102,0.0654930209913
v1871434679_1.lbl,6,16,352,0.35,5.102,0.0654930209913
v1871435679_1.lbl,6,16,352,0.35,5.102,0.0654930209913
v1871435154_1.lbl,6,16,352,0.35,5.102,0.0654930209913
v1871486263_1.lbl,52,46,352,0.35,5.102,0.0654930209913
v1871434585_1.lbl,6,16,352,0.35,5.102,0.0654930209913
v1871434154_1.lbl,6,16,352,0.35,5.102,0.0654930209913
v1871433893_1.lbl,6,16,352,0.35,5.102,0.0654930209913
v1871435721_1.lbl,6,16,352,0.35,5.102,0.0654930209913
v1871434721_1.lbl,6,16,352,0.35,5.102,0.0654930209913
v1871434764_1.lbl,6,16,352,0.35,5.102,0.0654930209913
v1871435420_1.lbl,6,16,352,0.35,5.102,0.0654930209913
v1871435465_1.lbl,6,16,352,0.35,5.102,0.0654930209913
v1871434420_1.lbl,6,16,352,0.35,5.102,0.0654930209913
v1871433973_1.lbl,6,16,352,0.35,5.102,0.0654930209913
v1871434465_1.lbl,6,16,352,0.35,5.102,0.0654930209913
v1871434348_1.lbl,6,16,352,0.35,5.102,0.0654930209913
v1871435348_1.lbl,6,16,352,0.35,5.102,0.0654930209913
v1871435089_1.lbl,6,16,352,0.35,5.102,0.0654930209913
v1871434458_1.lbl,6,16,352,0.35,5.102,0.0654930209913
v1871433620_1.lbl,6,16,352,0.35,5.102,0.0654930209913
v1871435375_1.lbl,6,16,352,0.35,5.102,0.0654930209913
v1871435388_1.lbl,6,16,352,0.35,5.102,0.0654930209913
v1871434759_1.lbl,6,16,352,0.35,5.102,0.0654930209913
v1871434388_1.lbl,6,16,352,0.35,5.102,0.0654930209913
v1871435074_1.lbl,6,16,352,0.35,5.102,0.0654930209913
v1871434644_1.lbl,6,16,352,0.35,5.102,0.0654930209913
v1871435644_1.lbl,6,16,352,0.35,5.102,0.0654930209913
v1871506885_1.lbl,24,44,352,0.35,5.102,0.0654930209913
v1871435169_1.lbl,6,16,352,0.35,5.102,0.0654930209913
v1871434169_1.lbl,6,16,352,0.35,5.102,0.0654930209913
v1871434545_1.lbl,6,16,352,0.35,5.102,0.0654930209913
v1871433816_1.lbl,6,16,352,0.35,5.102,0.0654930209913
v1871510078_1.lbl,24,24,352,0.35,5.102,0.0654930209913
v1871434194_1.lbl,6,16,352,0.35,5.102,0.0654930209913
v1871433853_1.lbl,6,16,352,0.35,5.102,0.0654930209913
v1871434500_1.lbl,6,16,352,0.35,5.102,0.0654930209913
v1871434992_1.lbl,6,16,352,0.35,5.102,0.0654930209913
v1871435194_1.lbl,6,16,352,0.35,5.102,0.0654930209913
v1871435500_1.lbl,6,16,352,0.35,5.102,0.0654930209913
v1871435268_1.lbl,6,16,352,0.35,5.102,0.0654930209913
v1871434015_1.lbl,6,16,352,0.35,5.102,0.0654930209913
v1871434856_1.lbl,6,16,352,0.35,5.102,0.0654930209913
v1871434050_1.lbl,6,16,352,0.35,5.102,0.0654930209913
v1871434813_1.lbl,6,16,352,0.35,5.102,0.0654930209913
v1871435015_1.lbl,6,16,352,0.35,5.102,0.0654930209913
v1871435050_1.lbl,6,16,352,0.35,5.102,0.0654930209913
v1871435738_1.lbl,6,16,352,0.35,5.102,0.0654930209913
v1871434351_1.lbl,6,16,352,0.35,5.102,0.0654930209913
v1871435351_1.lbl,6,16,352,0.35,5.102,0.0654930209913
v1871435209_1.lbl,6,16,352,0.35,5.102,0.0654930209913
v1871433719_1.lbl,6,16,352,0.35,5.102,0.0654930209913
v1871434209_1.lbl,6,16,352,0.35,5.102,0.0654930209913
v1871498578_1.lbl,62,54,352,0.35,5.102,0.0654930209913
v1871434933_1.lbl,6,16,352,0.35,5.102,0.0654930209913
v1871435271_1.lbl,6,16,352,0.35,5.102,0.0654930209913
v1871435234_1.lbl,6,16,352,0.35,5.102,0.0654930209913
v1871434271_1.lbl,6,16,352,0.35,5.102,0.0654930209913
v1871433761_1.lbl,6,16,352,0.35,5.102,0.0654930209913
v1871434234_1.lbl,6,16,352,0.35,5.102,0.0654930209913
v1871433724_1.lbl,6,16,352,0.35,5.102,0.0654930209913
v1871433580_1.lbl,6,16,352,0.35,5.102,0.0654930209913
v1871434090_1.lbl,6,16,352,0.35,5.102,0.0654930209913
v1871434391_1.lbl,6,16,352,0.35,5.102,0.0654930209913
v1871435614_1.lbl,6,16,352,0.35,5.102,0.0654930209913
v1871435651_1.lbl,6,16,352,0.35,5.102,0.0654930209913
v1871434614_1.lbl,6,16,352,0.35,5.102,0.0654930209913
v1871434139_1.lbl,6,16,352,0.35,5.102,0.0654930209913
v1871435139_1.lbl,6,16,352,0.35,5.102,0.0654930209913
v1871435515_1.lbl,6,16,352,0.35,5.102,0.0654930209913
v1871435181_1.lbl,6,16,352,0.35,5.102,0.0654930209913
v1871433846_1.lbl,6,16,352,0.35,5.102,0.0654930209913
v1871434515_1.lbl,6,16,352,0.35,5.102,0.0654930209913
v1871434987_1.lbl,6,16,352,0.35,5.102,0.0654930209913
v1871434550_1.lbl,6,16,352,0.35,5.102,0.0654930209913
v1871434408_1.lbl,6,16,352,0.35,5.102,0.0654930209913
v1871435408_1.lbl,6,16,352,0.35,5.102,0.0654930209913
v1871435360_1.lbl,6,16,352,0.35,5.102,0.0654930209913
v1871433635_1.lbl,6,16,352,0.35,5.102,0.0654930209913
v1871434709_1.lbl,6,16,352,0.35,5.102,0.0654930209913
v1871435709_1.lbl,6,16,352,0.35,5.102,0.0654930209913
v1871434771_1.lbl,6,16,352,0.35,5.102,0.0654930209913
v1871434734_1.lbl,6,16,352,0.35,5.102,0.0654930209913
v1871559391_1.lbl,58,64,352,0.35,5.102,0.0654930209913
v1871433923_1.lbl,6,16,352,0.35,5.102,0.0654930209913
v1871434470_1.lbl,6,16,352,0.35,5.102,0.0654930209913
v1871434435_1.lbl,6,16,352,0.35,5.102,0.0654930209913
v1871435470_1.lbl,6,16,352,0.35,5.102,0.0654930209913
v1871435435_1.lbl,6,16,352,0.35,5.102,0.0654930209913
v1871435318_1.lbl,6,16,352,0.35,5.102,0.0654930209913
v1871434318_1.lbl,6,16,352,0.35,5.102,0.0654930209913
v1871505982_1.lbl,34,20,352,0.35,5.102,0.0654930209913
v1871434691_1.lbl,6,16,352,0.35,5.102,0.0654930209913
v1871435691_1.lbl,6,16,352,0.35,5.102,0.0654930209913
v1871435629_1.lbl,6,16,352,0.35,5.102,0.0654930209913
v1871434629_1.lbl,6,16,352,0.35,5.102,0.0654930209913
v1871433886_1.lbl,6,16,352,0.35,5.102,0.0654930209913
v1871434590_1.lbl,6,16,352,0.35,5.102,0.0654930209913
v1871435104_1.lbl,6,16,352,0.35,5.102,0.0654930209913
v1871433669_1.lbl,6,16,352,0.35,5.102,0.0654930209913
v1871434085_1.lbl,6,16,352,0.35,5.102,0.0654930209913
v1871433595_1.lbl,6,16,352,0.35,5.102,0.0654930209913
v1871434883_1.lbl,6,16,352,0.35,5.102,0.0654930209913
v1871510194_1.lbl,24,48,352,0.35,5.102,0.0654930209913
v1871433694_1.lbl,6,16,352,0.35,5.102,0.0654930209913
v1871434963_1.lbl,6,16,352,0.35,5.102,0.0654930209913
v1871437687_1.lbl,32,64,352,0.35,5.102,0.0654930209913
v1871564899_1.lbl,42,32,352,0.35,5.102,0.0654930209913
v1871433789_1.lbl,6,16,352,0.35,5.102,0.0654930209913
v1871434299_1.lbl,6,16,352,0.35,5.102,0.0654930209913
v1871485609_1.lbl,48,50,352,0.35,5.102,0.0654930209913
v1871434221_1.lbl,6,16,352,0.35,5.102,0.0654930209913
v1871433774_1.lbl,6,16,352,0.35,5.102,0.0654930209913
v1871434264_1.lbl,6,16,352,0.35,5.102,0.0654930209913
v1871435221_1.lbl,6,16,352,0.35,5.102,0.0654930209913
v1871504429_1.lbl,24,24,352,0.35,5.102,0.0654930209913
v1871435549_1.lbl,6,16,352,0.35,5.102,0.0654930209913
v1871434259_1.lbl,6,16,352,0.35,5.102,0.0654930209913
v1871433749_1.lbl,6,16,352,0.35,5.102,0.0654930209913
v1871435574_1.lbl,6,16,352,0.35,5.102,0.0654930209913
v1871435589_1.lbl,6,16,352,0.35,5.102,0.0654930209913
v1871435045_1.lbl,6,16,352,0.35,5.102,0.0654930209913
v1871435000_1.lbl,6,16,352,0.35,5.102,0.0654930209913
v1871434806_1.lbl,6,16,352,0.35,5.102,0.0654930209913
v1871434045_1.lbl,6,16,352,0.35,5.102,0.0654930209913
v1871434843_1.lbl,6,16,352,0.35,5.102,0.0654930209913
v1871434000_1.lbl,6,16,352,0.35,5.102,0.0654930209913
v1871435301_1.lbl,6,16,352,0.35,5.102,0.0654930209913
v1871433654_1.lbl,6,16,352,0.35,5.102,0.0654930209913
v1871434301_1.lbl,6,16,352,0.35,5.102,0.0654930209913
v1871487830_1.lbl,44,46,352,0.35,5.102,0.0654930209913
v1871435632_1.lbl,6,16,352,0.35,5.102,0.0654930209913
v1871434632_1.lbl,6,16,352,0.35,5.102,0.0654930209913
v1871434677_1.lbl,6,16,352,0.35,5.102,0.0654930209913
v1871438381_1.lbl,32,64,352,0.35,5.102,0.0654930209913
v1871433938_1.lbl,6,16,352,0.35,5.102,0.0654930209913
v1871435346_1.lbl,6,16,352,0.35,5.102,0.0654930209913
v1871435303_1.lbl,6,16,352,0.35,5.102,0.0654930209913
v1871514058_1.lbl,38,32,352,0.35,5.102,0.0654930209913
v1871434346_1.lbl,6,16,352,0.35,5.102,0.0654930209913
v1871435047_1.lbl,6,16,352,0.35,5.102,0.0654930209913
v1871435002_1.lbl,6,16,352,0.35,5.102,0.0654930209913
v1871434047_1.lbl,6,16,352,0.35,5.102,0.0654930209913
v1871433980_1.lbl,6,16,352,0.35,5.102,0.0654930209913
v1871434841_1.lbl,6,16,352,0.35,5.102,0.0654930209913
v1871434386_1.lbl,6,16,352,0.35,5.102,0.0654930209913
v1871434087_1.lbl,6,16,352,0.35,5.102,0.0654930209913
v1871433597_1.lbl,6,16,352,0.35,5.102,0.0654930209913
v1871433940_1.lbl,6,16,352,0.35,5.102,0.0654930209913
v1871434413_1.lbl,6,16,352,0.35,5.102,0.0654930209913
v1871435087_1.lbl,6,16,352,0.35,5.102,0.0654930209913
v1871435413_1.lbl,6,16,352,0.35,5.102,0.0654930209913
v1871433776_1.lbl,6,16,352,0.35,5.102,0.0654930209913
v1871434266_1.lbl,6,16,352,0.35,5.102,0.0654930209913
v1871435266_1.lbl,6,16,352,0.35,5.102,0.0654930209913
v1871434122_1.lbl,6,16,352,0.35,5.102,0.0654930209913
v1871561193_1.lbl,64,64,352,0.35,5.102,0.0654930209913
v1871434167_1.lbl,6,16,352,0.35,5.102,0.0654930209913
v1871435122_1.lbl,6,16,352,0.35,5.102,0.0654930209913
v1871433921_1.lbl,6,16,352,0.35,5.102,0.0654930209913
v1871435472_1.lbl,6,16,352,0.35,5.102,0.0654930209913
v1871434858_1.lbl,6,16,352,0.35,5.102,0.0654930209913
v1871434736_1.lbl,6,16,352,0.35,5.102,0.0654930209913
v1871435736_1.lbl,6,16,352,0.35,5.102,0.0654930209913
v1871434945_1.lbl,6,16,352,0.35,5.102,0.0654930209913
v1871434592_1.lbl,6,16,352,0.35,5.102,0.0654930209913
v1871434900_1.lbl,6,16,352,0.35,5.102,0.0654930209913
v1871435592_1.lbl,6,16,352,0.35,5.102,0.0654930209913
v1871433717_1.lbl,6,16,352,0.35,5.102,0.0654930209913
v1871434207_1.lbl,6,16,352,0.35,5.102,0.0654930209913
v1871501544_1.lbl,62,54,352,0.35,5.102,0.0654930209913
v1871435517_1.lbl,6,16,352,0.35,5.102,0.0654930209913
v1871435552_1.lbl,6,16,352,0.35,5.102,0.0654930209913
v1871434517_1.lbl,6,16,352,0.35,5.102,0.0654930209913
v1871434985_1.lbl,6,16,352,0.35,5.102,0.0654930209913
v1871434552_1.lbl,6,16,352,0.35,5.102,0.0654930209913
v1871433801_1.lbl,6,16,352,0.35,5.102,0.0654930209913
v1871433672_1.lbl,6,16,352,0.35,5.102,0.0654930209913
v1871512529_1.lbl,24,24,352,0.35,5.102,0.0654930209913
v1871433637_1.lbl,6,16,352,0.35,5.102,0.0654930209913
v1871434898_1.lbl,6,16,352,0.35,5.102,0.0654930209913
v1871505202_1.lbl,34,20,352,0.35,5.102,0.0654930209913
v1871433756_1.lbl,6,16,352,0.35,5.102,0.0654930209913
v1871434246_1.lbl,6,16,352,0.35,5.102,0.0654930209913
v1871435246_1.lbl,6,16,352,0.35,5.102,0.0654930209913
v1871433838_1.lbl,6,16,352,0.35,5.102,0.0654930209913
v1871434102_1.lbl,6,16,352,0.35,5.102,0.0654930209913
v1871434147_1.lbl,6,16,352,0.35,5.102,0.0654930209913
v1871435102_1.lbl,6,16,352,0.35,5.102,0.0654930209913
v1871435147_1.lbl,6,16,352,0.35,5.102,0.0654930209913
v1871433925_1.lbl,6,16,352,0.35,5.102,0.0654930209913
v1871433960_1.lbl,6,16,352,0.35,5.102,0.0654930209913
v1871434433_1.lbl,6,16,352,0.35,5.102,0.0654930209913
v1871435433_1.lbl,6,16,352,0.35,5.102,0.0654930209913
v1871435323_1.lbl,6,16,352,0.35,5.102,0.0654930209913
v1871434366_1.lbl,6,16,352,0.35,5.102,0.0654930209913
v1871434323_1.lbl,6,16,352,0.35,5.102,0.0654930209913
v1871433918_1.lbl,6,16,352,0.35,5.102,0.0654930209913
v1871435067_1.lbl,6,16,352,0.35,5.102,0.0654930209913
v1871435022_1.lbl,6,16,352,0.35,5.102,0.0654930209913
v1871433577_1.lbl,6,16,352,0.35,5.102,0.0654930209913
v1871434067_1.lbl,6,16,352,0.35,5.102,0.0654930209913
v1871434861_1.lbl,6,16,352,0.35,5.102,0.0654930209913
v1871434022_1.lbl,6,16,352,0.35,5.102,0.0654930209913
v1871435612_1.lbl,6,16,352,0.35,5.102,0.0654930209913
v1871435286_1.lbl,6,16,352,0.35,5.102,0.0654930209913
v1871434612_1.lbl,6,16,352,0.35,5.102,0.0654930209913
v1871434286_1.lbl,6,16,352,0.35,5.102,0.0654930209913
v1871433796_1.lbl,6,16,352,0.35,5.102,0.0654930209913
v1871434657_1.lbl,6,16,352,0.35,5.102,0.0654930209913
v1871508185_1.lbl,22,42,352,0.35,5.102,0.0654930209913
v1871434187_1.lbl,6,16,352,0.35,5.102,0.0654930209913
v1871511682_1.lbl,24,24,352,0.35,5.102,0.0654930209913
v1871435492_1.lbl,6,16,352,0.35,5.102,0.0654930209913
v1871558831_1.lbl,54,28,352,0.35,5.102,0.0654930209913
v1871433652_1.lbl,6,16,352,0.35,5.102,0.0654930209913
v1871434793_1.lbl,6,16,352,0.35,5.102,0.0654930209913
v1871433617_1.lbl,6,16,352,0.35,5.102,0.0654930209913
v1871435537_1.lbl,6,16,352,0.35,5.102,0.0654930209913
v1871435572_1.lbl,6,16,352,0.35,5.102,0.0654930209913
v1871434537_1.lbl,6,16,352,0.35,5.102,0.0654930209913
v1871434572_1.lbl,6,16,352,0.35,5.102,0.0654930209913
v1871433821_1.lbl,6,16,352,0.35,5.102,0.0654930209913
v1871435636_1.lbl,6,16,352,0.35,5.102,0.0654930209913
v1871434958_1.lbl,6,16,352,0.35,5.102,0.0654930209913
v1871507375_1.lbl,24,24,352,0.35,5.102,0.0654930209913
v1871434965_1.lbl,6,16,352,0.35,5.102,0.0654930209913
v1871434920_1.lbl,6,16,352,0.35,5.102,0.0654930209913
v1871433901_1.lbl,6,16,352,0.35,5.102,0.0654930209913
v1871434885_1.lbl,6,16,352,0.35,5.102,0.0654930209913
v1871435452_1.lbl,6,16,352,0.35,5.102,0.0654930209913
v1871433692_1.lbl,6,16,352,0.35,5.102,0.0654930209913
v1871434716_1.lbl,6,16,352,0.35,5.102,0.0654930209913
v1871435753_1.lbl,6,16,352,0.35,5.102,0.0654930209913
v1871435716_1.lbl,6,16,352,0.35,5.102,0.0654930209913
v1871434878_1.lbl,6,16,352,0.35,5.102,0.0654930209913
v1871434124_1.lbl,6,16,352,0.35,5.102,0.0654930209913
v1871435124_1.lbl,6,16,352,0.35,5.102,0.0654930209913
v1871435161_1.lbl,6,16,352,0.35,5.102,0.0654930209913
v1871435609_1.lbl,6,16,352,0.35,5.102,0.0654930209913
v1871434609_1.lbl,6,16,352,0.35,5.102,0.0654930209913
v1871434751_1.lbl,6,16,352,0.35,5.102,0.0654930209913
v1871434714_1.lbl,6,16,352,0.35,5.102,0.0654930209913
v1871435751_1.lbl,6,16,352,0.35,5.102,0.0654930209913
v1871435380_1.lbl,6,16,352,0.35,5.102,0.0654930209913
v1871435714_1.lbl,6,16,352,0.35,5.102,0.0654930209913
v1871435338_1.lbl,6,16,352,0.35,5.102,0.0654930209913
v1871507603_1.lbl,26,22,352,0.35,5.102,0.0654930209913
v1871434338_1.lbl,6,16,352,0.35,5.102,0.0654930209913
v1871433903_1.lbl,6,16,352,0.35,5.102,0.0654930209913
v1871434450_1.lbl,6,16,352,0.35,5.102,0.0654930209913
v1871434415_1.lbl,6,16,352,0.35,5.102,0.0654930209913
v1871435450_1.lbl,6,16,352,0.35,5.102,0.0654930209913
v1871435415_1.lbl,6,16,352,0.35,5.102,0.0654930209913
v1871434791_1.lbl,6,16,352,0.35,5.102,0.0654930209913
v1871433615_1.lbl,6,16,352,0.35,5.102,0.0654930209913
v1871434428_1.lbl,6,16,352,0.35,5.102,0.0654930209913
v1871435428_1.lbl,6,16,352,0.35,5.102,0.0654930209913
v1871435490_1.lbl,6,16,352,0.35,5.102,0.0654930209913
v1871509307_1.lbl,24,24,352,0.35,5.102,0.0654930209913
v1871434490_1.lbl,6,16,352,0.35,5.102,0.0654930209913
v1871434729_1.lbl,6,16,352,0.35,5.102,0.0654930209913
v1871435729_1.lbl,6,16,352,0.35,5.102,0.0654930209913
v1871434119_1.lbl,6,16,352,0.35,5.102,0.0654930209913
v1871435119_1.lbl,6,16,352,0.35,5.102,0.0654930209913
v1871435634_1.lbl,6,16,352,0.35,5.102,0.0654930209913
v1871435671_1.lbl,6,16,352,0.35,5.102,0.0654930209913
v1871434634_1.lbl,6,16,352,0.35,5.102,0.0654930209913
v1871435535_1.lbl,6,16,352,0.35,5.102,0.0654930209913
v1871433866_1.lbl,6,16,352,0.35,5.102,0.0654930209913
v1871434535_1.lbl,6,16,352,0.35,5.102,0.0654930209913
v1871434570_1.lbl,6,16,352,0.35,5.102,0.0654930209913
v1871433689_1.lbl,6,16,352,0.35,5.102,0.0654930209913
v1871435748_1.lbl,6,16,352,0.35,5.102,0.0654930209913
v1871435065_1.lbl,6,16,352,0.35,5.102,0.0654930209913
v1871435020_1.lbl,6,16,352,0.35,5.102,0.0654930209913
v1871434826_1.lbl,6,16,352,0.35,5.102,0.0654930209913
v1871433575_1.lbl,6,16,352,0.35,5.102,0.0654930209913
v1871434065_1.lbl,6,16,352,0.35,5.102,0.0654930209913
v1871434863_1.lbl,6,16,352,0.35,5.102,0.0654930209913
v1871434020_1.lbl,6,16,352,0.35,5.102,0.0654930209913
v1871435321_1.lbl,6,16,352,0.35,5.102,0.0654930209913
v1871433674_1.lbl,6,16,352,0.35,5.102,0.0654930209913
v1871434321_1.lbl,6,16,352,0.35,5.102,0.0654930209913
v1871435554_1.lbl,6,16,352,0.35,5.102,0.0654930209913
v1871434279_1.lbl,6,16,352,0.35,5.102,0.0654930209913
v1871433769_1.lbl,6,16,352,0.35,5.102,0.0654930209913
v1871434284_1.lbl,6,16,352,0.35,5.102,0.0654930209913
v1871433794_1.lbl,6,16,352,0.35,5.102,0.0654930209913
v1871505823_1.lbl,16,24,352,0.35,5.102,0.0654930209913
v1871434100_1.lbl,6,16,352,0.35,5.102,0.0654930209913
v1871434943_1.lbl,6,16,352,0.35,5.102,0.0654930209913
v1871434594_1.lbl,6,16,352,0.35,5.102,0.0654930209913
v1871435594_1.lbl,6,16,352,0.35,5.102,0.0654930209913
v1871435569_1.lbl,6,16,352,0.35,5.102,0.0654930209913
v1871433754_1.lbl,6,16,352,0.35,5.102,0.0654930209913
v1871434244_1.lbl,6,16,352,0.35,5.102,0.0654930209913
v1871435201_1.lbl,6,16,352,0.35,5.102,0.0654930209913
v1871435244_1.lbl,6,16,352,0.35,5.102,0.0654930209913
v1871434788_1.lbl,6,16,352,0.35,5.102,0.0654930209913
v1871433649_1.lbl,6,16,352,0.35,5.102,0.0654930209913
v1871428768_1.lbl,24,48,352,0.35,5.102,0.0654930209913
v1871433819_1.lbl,6,16,352,0.35,5.102,0.0654930209913
v1871433732_1.lbl,6,16,352,0.35,5.102,0.0654930209913
v1871505043_1.lbl,16,24,352,0.35,5.102,0.0654930209913
v1871434925_1.lbl,6,16,352,0.35,5.102,0.0654930209913
v1871434960_1.lbl,6,16,352,0.35,5.102,0.0654930209913
v1871435166_1.lbl,6,16,352,0.35,5.102,0.0654930209913
v1871433697_1.lbl,6,16,352,0.35,5.102,0.0654930209913
v1871434756_1.lbl,6,16,352,0.35,5.102,0.0654930209913
v1871435756_1.lbl,6,16,352,0.35,5.102,0.0654930209913
v1871434838_1.lbl,6,16,352,0.35,5.102,0.0654930209913
v1871434880_1.lbl,6,16,352,0.35,5.102,0.0654930209913
v1871435457_1.lbl,6,16,352,0.35,5.102,0.0654930209913
v1871493455_1.lbl,56,54,352,0.35,5.102,0.0654930209913
v1871491723_1.lbl,40,22,352,0.35,5.102,0.0654930209913
v1871433612_1.lbl,6,16,352,0.35,5.102,0.0654930209913
v1871433657_1.lbl,6,16,352,0.35,5.102,0.0654930209913
v1871434796_1.lbl,6,16,352,0.35,5.102,0.0654930209913
v1871435497_1.lbl,6,16,352,0.35,5.102,0.0654930209913
v1871434003_1.lbl,6,16,352,0.35,5.102,0.0654930209913
v1871434497_1.lbl,6,16,352,0.35,5.102,0.0654930209913
v1871435676_1.lbl,6,16,352,0.35,5.102,0.0654930209913
v1871434918_1.lbl,6,16,352,0.35,5.102,0.0654930209913
v1871435577_1.lbl,6,16,352,0.35,5.102,0.0654930209913
v1871435532_1.lbl,6,16,352,0.35,5.102,0.0654930209913
v1871434577_1.lbl,6,16,352,0.35,5.102,0.0654930209913
v1871433824_1.lbl,6,16,352,0.35,5.102,0.0654930209913
v1871433861_1.lbl,6,16,352,0.35,5.102,0.0654930209913
v1871434532_1.lbl,6,16,352,0.35,5.102,0.0654930209913
v1871435027_1.lbl,6,16,352,0.35,5.102,0.0654930209913
v1871435062_1.lbl,6,16,352,0.35,5.102,0.0654930209913
v1871434027_1.lbl,6,16,352,0.35,5.102,0.0654930209913
v1871434062_1.lbl,6,16,352,0.35,5.102,0.0654930209913
v1871434821_1.lbl,6,16,352,0.35,5.102,0.0654930209913
v1871433572_1.lbl,6,16,352,0.35,5.102,0.0654930209913
v1871435326_1.lbl,6,16,352,0.35,5.102,0.0654930209913
v1871441458_1.lbl,30,64,352,0.35,5.102,0.0654930209913
v1871435363_1.lbl,6,16,352,0.35,5.102,0.0654930209913
v1871434326_1.lbl,6,16,352,0.35,5.102,0.0654930209913
v1871434363_1.lbl,6,16,352,0.35,5.102,0.0654930209913
v1871433958_1.lbl,6,16,352,0.35,5.102,0.0654930209913
v1871434182_1.lbl,6,16,352,0.35,5.102,0.0654930209913
v1871435283_1.lbl,6,16,352,0.35,5.102,0.0654930209913
v1871435617_1.lbl,6,16,352,0.35,5.102,0.0654930209913
v1871434652_1.lbl,6,16,352,0.35,5.102,0.0654930209913
v1871434617_1.lbl,6,16,352,0.35,5.102,0.0654930209913
v1871434142_1.lbl,6,16,352,0.35,5.102,0.0654930209913
v1871434107_1.lbl,6,16,352,0.35,5.102,0.0654930209913
v1871435142_1.lbl,6,16,352,0.35,5.102,0.0654930209913
v1871435107_1.lbl,6,16,352,0.35,5.102,0.0654930209913
v1871435206_1.lbl,6,16,352,0.35,5.102,0.0654930209913
v1871433878_1.lbl,6,16,352,0.35,5.102,0.0654930209913
v1871433965_1.lbl,6,16,352,0.35,5.102,0.0654930209913
v1871434473_1.lbl,6,16,352,0.35,5.102,0.0654930209913
v1871433998_1.lbl,6,16,352,0.35,5.102,0.0654930209913
v1871434241_1.lbl,6,16,352,0.35,5.102,0.0654930209913
v1871433751_1.lbl,6,16,352,0.35,5.102,0.0654930209913
v1871434204_1.lbl,6,16,352,0.35,5.102,0.0654930209913
v1871490170_1.lbl,32,24,352,0.35,5.102,0.0654930209913
v1871433714_1.lbl,6,16,352,0.35,5.102,0.0654930209913
v1871435241_1.lbl,6,16,352,0.35,5.102,0.0654930209913
v1871435204_1.lbl,6,16,352,0.35,5.102,0.0654930209913
v1871434903_1.lbl,6,16,352,0.35,5.102,0.0654930209913
v1871434105_1.lbl,6,16,352,0.35,5.102,0.0654930209913
v1871558390_1.lbl,42,28,352,0.35,5.102,0.0654930209913
v1871434018_1.lbl,6,16,352,0.35,5.102,0.0654930209913
v1871434361_1.lbl,6,16,352,0.35,5.102,0.0654930209913
v1871435025_1.lbl,6,16,352,0.35,5.102,0.0654930209913
v1871435060_1.lbl,6,16,352,0.35,5.102,0.0654930209913
v1871434025_1.lbl,6,16,352,0.35,5.102,0.0654930209913
v1871434866_1.lbl,6,16,352,0.35,5.102,0.0654930209913
v1871434060_1.lbl,6,16,352,0.35,5.102,0.0654930209913
v1871434823_1.lbl,6,16,352,0.35,5.102,0.0654930209913
v1871433570_1.lbl,6,16,352,0.35,5.102,0.0654930209913
v1871435281_1.lbl,6,16,352,0.35,5.102,0.0654930209913
v1871433791_1.lbl,6,16,352,0.35,5.102,0.0654930209913
v1871434281_1.lbl,6,16,352,0.35,5.102,0.0654930209913
v1871433729_1.lbl,6,16,352,0.35,5.102,0.0654930209913
v1871434239_1.lbl,6,16,352,0.35,5.102,0.0654930209913
v1871435239_1.lbl,6,16,352,0.35,5.102,0.0654930209913
v1871435495_1.lbl,6,16,352,0.35,5.102,0.0654930209913
v1871433983_1.lbl,6,16,352,0.35,5.102,0.0654930209913
v1871434495_1.lbl,6,16,352,0.35,5.102,0.0654930209913
v1871434769_1.lbl,6,16,352,0.35,5.102,0.0654930209913
v1871433610_1.lbl,6,16,352,0.35,5.102,0.0654930209913
v1871434468_1.lbl,6,16,352,0.35,5.102,0.0654930209913
v1871434689_1.lbl,6,16,352,0.35,5.102,0.0654930209913
v1871435258_1.lbl,6,16,352,0.35,5.102,0.0654930209913
v1871435689_1.lbl,6,16,352,0.35,5.102,0.0654930209913
v1871435530_1.lbl,6,16,352,0.35,5.102,0.0654930209913
v1871434575_1.lbl,6,16,352,0.35,5.102,0.0654930209913
v1871433826_1.lbl,6,16,352,0.35,5.102,0.0654930209913
v1871433863_1.lbl,6,16,352,0.35,5.102,0.0654930209913
v1871434530_1.lbl,6,16,352,0.35,5.102,0.0654930209913
v1871434159_1.lbl,6,16,352,0.35,5.102,0.0654930209913
v1871435159_1.lbl,6,16,352,0.35,5.102,0.0654930209913
v1871435674_1.lbl,6,16,352,0.35,5.102,0.0654930209913
v1871434674_1.lbl,6,16,352,0.35,5.102,0.0654930209913
v1871434164_1.lbl,6,16,352,0.35,5.102,0.0654930209913
v1871435164_1.lbl,6,16,352,0.35,5.102,0.0654930209913
v1871476436_1.lbl,40,42,352,0.35,5.102,0.0654930209913
v1871435298_1.lbl,6,16,352,0.35,5.102,0.0654930209913
v1871435649_1.lbl,6,16,352,0.35,5.102,0.0654930209913
v1871434649_1.lbl,6,16,352,0.35,5.102,0.0654930209913
v1871439307_1.lbl,30,64,352,0.35,5.102,0.0654930209913
v1871435199_1.lbl,6,16,352,0.35,5.102,0.0654930209913
v1871434199_1.lbl,6,16,352,0.35,5.102,0.0654930209913
v1871435378_1.lbl,6,16,352,0.35,5.102,0.0654930209913
v1871434378_1.lbl,6,16,352,0.35,5.102,0.0654930209913
v1871434410_1.lbl,6,16,352,0.35,5.102,0.0654930209913
v1871433943_1.lbl,6,16,352,0.35,5.102,0.0654930209913
v1871433906_1.lbl,6,16,352,0.35,5.102,0.0654930209913
v1871434455_1.lbl,6,16,352,0.35,5.102,0.0654930209913
v1871439958_1.lbl,30,64,352,0.35,5.102,0.0654930209913
v1871435410_1.lbl,6,16,352,0.35,5.102,0.0654930209913
v1871435084_1.lbl,6,16,352,0.35,5.102,0.0654930209913
v1871435455_1.lbl,6,16,352,0.35,5.102,0.0654930209913
v1871435079_1.lbl,6,16,352,0.35,5.102,0.0654930209913
v1871434711_1.lbl,6,16,352,0.35,5.102,0.0654930209913
v1871434754_1.lbl,6,16,352,0.35,5.102,0.0654930209913
v1871435711_1.lbl,6,16,352,0.35,5.102,0.0654930209913
v1871435385_1.lbl,6,16,352,0.35,5.102,0.0654930209913
v1871433709_1.lbl,6,16,352,0.35,5.102,0.0654930209913
v1871434219_1.lbl,6,16,352,0.35,5.102,0.0654930209913
v1871435219_1.lbl,6,16,352,0.35,5.102,0.0654930209913
v1871435341_1.lbl,6,16,352,0.35,5.102,0.0654930209913
v1871434304_1.lbl,6,16,352,0.35,5.102,0.0654930209913
v1871434341_1.lbl,6,16,352,0.35,5.102,0.0654930209913
v1871435005_1.lbl,6,16,352,0.35,5.102,0.0654930209913
v1871435040_1.lbl,6,16,352,0.35,5.102,0.0654930209913
v1871434005_1.lbl,6,16,352,0.35,5.102,0.0654930209913
v1871434846_1.lbl,6,16,352,0.35,5.102,0.0654930209913
v1871434040_1.lbl,6,16,352,0.35,5.102,0.0654930209913
v1871434803_1.lbl,6,16,352,0.35,5.102,0.0654930209913
v1871434381_1.lbl,6,16,352,0.35,5.102,0.0654930209913
v1871433590_1.lbl,6,16,352,0.35,5.102,0.0654930209913
v1871434080_1.lbl,6,16,352,0.35,5.102,0.0654930209913
v1871434261_1.lbl,6,16,352,0.35,5.102,0.0654930209913
v1871433771_1.lbl,6,16,352,0.35,5.102,0.0654930209913
v1871434224_1.lbl,6,16,352,0.35,5.102,0.0654930209913
v1871433734_1.lbl,6,16,352,0.35,5.102,0.0654930209913
v1871435261_1.lbl,6,16,352,0.35,5.102,0.0654930209913
v1871435224_1.lbl,6,16,352,0.35,5.102,0.0654930209913
v1871434923_1.lbl,6,16,352,0.35,5.102,0.0654930209913
v1871434430_1.lbl,6,16,352,0.35,5.102,0.0654930209913
v1871433963_1.lbl,6,16,352,0.35,5.102,0.0654930209913
v1871434475_1.lbl,6,16,352,0.35,5.102,0.0654930209913
v1871435430_1.lbl,6,16,352,0.35,5.102,0.0654930209913
v1871435475_1.lbl,6,16,352,0.35,5.102,0.0654930209913
v1871435358_1.lbl,6,16,352,0.35,5.102,0.0654930209913
v1871565958_1.lbl,42,36,352,0.35,5.102,0.0654930209913
v1871434358_1.lbl,6,16,352,0.35,5.102,0.0654930209913
v1871434731_1.lbl,6,16,352,0.35,5.102,0.0654930209913
v1871434774_1.lbl,6,16,352,0.35,5.102,0.0654930209913
v1871435731_1.lbl,6,16,352,0.35,5.102,0.0654930209913
v1871434488_1.lbl,6,16,352,0.35,5.102,0.0654930209913
v1871435669_1.lbl,6,16,352,0.35,5.102,0.0654930209913
v1871434669_1.lbl,6,16,352,0.35,5.102,0.0654930209913
v1871434144_1.lbl,6,16,352,0.35,5.102,0.0654930209913
v1871433883_1.lbl,6,16,352,0.35,5.102,0.0654930209913
v1871435144_1.lbl,6,16,352,0.35,5.102,0.0654930209913
v1871434694_1.lbl,6,16,352,0.35,5.102,0.0654930209913
v1871435694_1.lbl,6,16,352,0.35,5.102,0.0654930209913
v1871435184_1.lbl,6,16,352,0.35,5.102,0.0654930209913
v1871435510_1.lbl,6,16,352,0.35,5.102,0.0654930209913
v1871434555_1.lbl,6,16,352,0.35,5.102,0.0654930209913
v1871433806_1.lbl,6,16,352,0.35,5.102,0.0654930209913
v1871434184_1.lbl,6,16,352,0.35,5.102,0.0654930209913
v1871433843_1.lbl,6,16,352,0.35,5.102,0.0654930209913
v1871434510_1.lbl,6,16,352,0.35,5.102,0.0654930209913
v1871434982_1.lbl,6,16,352,0.35,5.102,0.0654930209913
v1871435278_1.lbl,6,16,352,0.35,5.102,0.0654930209913
v1871435654_1.lbl,6,16,352,0.35,5.102,0.0654930209913
v1871434654_1.lbl,6,16,352,0.35,5.102,0.0654930209913
v1871434179_1.lbl,6,16,352,0.35,5.102,0.0654930209913
v1871435179_1.lbl,6,16,352,0.35,5.102,0.0654930209913
v1871434749_1.lbl,6,16,352,0.35,5.102,0.0654930209913
v1871434398_1.lbl,6,16,352,0.35,5.102,0.0654930209913
v1871435398_1.lbl,6,16,352,0.35,5.102,0.0654930209913
v1871434448_1.lbl,6,16,352,0.35,5.102,0.0654930209913
v1871435099_1.lbl,6,16,352,0.35,5.102,0.0654930209913
v1871435365_1.lbl,6,16,352,0.35,5.102,0.0654930209913
v1871433630_1.lbl,6,16,352,0.35,5.102,0.0654930209913
v1871434938_1.lbl,6,16,352,0.35,5.102,0.0654930209913
v1871435656_1.lbl,6,16,352,0.35,5.102,0.0654930209913
v1871435186_1.lbl,6,16,352,0.35,5.102,0.0654930209913
v1871435557_1.lbl,6,16,352,0.35,5.102,0.0654930209913
v1871435512_1.lbl,6,16,352,0.35,5.102,0.0654930209913
v1871434557_1.lbl,6,16,352,0.35,5.102,0.0654930209913
v1871433804_1.lbl,6,16,352,0.35,5.102,0.0654930209913
v1871433841_1.lbl,6,16,352,0.35,5.102,0.0654930209913
v1871434512_1.lbl,6,16,352,0.35,5.102,0.0654930209913
v1871434980_1.lbl,6,16,352,0.35,5.102,0.0654930209913
v1871433632_1.lbl,6,16,352,0.35,5.102,0.0654930209913
v1871433677_1.lbl,6,16,352,0.35,5.102,0.0654930209913
v1871511523_1.lbl,16,24,352,0.35,5.102,0.0654930209913
v1871434818_1.lbl,6,16,352,0.35,5.102,0.0654930209913
v1871434776_1.lbl,6,16,352,0.35,5.102,0.0654930209913
v1871435733_1.lbl,6,16,352,0.35,5.102,0.0654930209913
v1871435477_1.lbl,6,16,352,0.35,5.102,0.0654930209913
v1871434696_1.lbl,6,16,352,0.35,5.102,0.0654930209913
v1871490935_1.lbl,42,22,352,0.35,5.102,0.0654930209913
v1871434202_1.lbl,6,16,352,0.35,5.102,0.0654930209913
v1871433712_1.lbl,6,16,352,0.35,5.102,0.0654930209913
v1871435696_1.lbl,6,16,352,0.35,5.102,0.0654930209913
v1871434597_1.lbl,6,16,352,0.35,5.102,0.0654930209913
v1871434905_1.lbl,6,16,352,0.35,5.102,0.0654930209913
v1871433881_1.lbl,6,16,352,0.35,5.102,0.0654930209913
v1871434940_1.lbl,6,16,352,0.35,5.102,0.0654930209913
v1871435597_1.lbl,6,16,352,0.35,5.102,0.0654930209913
v1871433945_1.lbl,6,16,352,0.35,5.102,0.0654930209913
v1871434453_1.lbl,6,16,352,0.35,5.102,0.0654930209913
v1871433592_1.lbl,6,16,352,0.35,5.102,0.0654930209913
v1871434082_1.lbl,6,16,352,0.35,5.102,0.0654930209913
v1871435082_1.lbl,6,16,352,0.35,5.102,0.0654930209913
v1871434383_1.lbl,6,16,352,0.35,5.102,0.0654930209913
v1871435383_1.lbl,6,16,352,0.35,5.102,0.0654930209913
v1871434162_1.lbl,6,16,352,0.35,5.102,0.0654930209913
v1871434127_1.lbl,6,16,352,0.35,5.102,0.0654930209913
v1871435127_1.lbl,6,16,352,0.35,5.102,0.0654930209913
v1871568206_1.lbl,64,64,352,0.35,5.102,0.0654930209913
v1871433858_1.lbl,6,16,352,0.35,5.102,0.0654930209913
v1871434226_1.lbl,6,16,352,0.35,5.102,0.0654930209913
v1871433736_1.lbl,6,16,352,0.35,5.102,0.0654930209913
v1871435263_1.lbl,6,16,352,0.35,5.102,0.0654930209913
v1871435226_1.lbl,6,16,352,0.35,5.102,0.0654930209913
v1871434672_1.lbl,6,16,352,0.35,5.102,0.0654930209913
v1871434637_1.lbl,6,16,352,0.35,5.102,0.0654930209913
v1871433898_1.lbl,6,16,352,0.35,5.102,0.0654930209913
v1871435007_1.lbl,6,16,352,0.35,5.102,0.0654930209913
v1871435042_1.lbl,6,16,352,0.35,5.102,0.0654930209913
v1871433985_1.lbl,6,16,352,0.35,5.102,0.0654930209913
v1871434493_1.lbl,6,16,352,0.35,5.102,0.0654930209913
v1871434042_1.lbl,6,16,352,0.35,5.102,0.0654930209913
v1871434801_1.lbl,6,16,352,0.35,5.102,0.0654930209913
v1871433978_1.lbl,6,16,352,0.35,5.102,0.0654930209913
v1871435306_1.lbl,6,16,352,0.35,5.102,0.0654930209913
v1871435343_1.lbl,6,16,352,0.35,5.102,0.0654930209913
v1871434306_1.lbl,6,16,352,0.35,5.102,0.0654930209913
v1871434343_1.lbl,6,16,352,0.35,5.102,0.0654930209913
